{
  "img": "img/Testing_A.png",
  "objects": [
    {
      "coord": [
        20,
        20,
        106,
        118
      ],
      "letter": "A",
      "hu-moments": {
        "phi1": 0.4400696334455792,
        "phi2": 0.01827626744648047,
        "phi3": 0.04742041424127039,
        "phi4": 0.0005988084834069254,
        "phi5": 1.918340803059464e-06,
        "phi6": 1.386833199306037e-05,
        "phi7": 2.5498777919619075e-06
      }
    }
  ]
}