{"s_clean": [0, 1, 2, 3, 4, 5, 6, 7, 8, 9, 10, 11, 12, 13, 14, 15, 16, 17, 18, 19, 20, 21, 22, 23, 24, 25, 26, 27, 28, 29, 30, 31, 32, 33, 34, 35, 36, 37, 38, 39, 40, 41, 42, 43, 44, 45, 46, 47, 48, 49, 50, 51, 52, 53, 54, 55, 56, 57, 58, 59, 61, 62, 65, 67, 69, 70, 73, 75, 77, 78, 81, 83, 86, 91, 94, 99, 101, 102, 105, 107, 108, 110, 113, 114, 116, 119, 120, 121, 122, 123, 124, 125, 126, 127, 128, 129, 130, 131, 132, 133, 134, 135, 136, 137, 138, 139, 140, 141, 142, 143, 144, 145, 146, 147, 148, 149, 150, 151, 152, 153, 154, 155, 156, 157, 158, 159, 160, 161, 162, 163, 164, 165, 166, 167, 168, 169, 170, 171, 172, 173, 174, 175, 176, 177, 178, 180, 181, 184, 186, 188, 189, 192, 194, 196, 200, 202, 205, 210, 213, 218, 220, 221, 224, 226, 227, 229, 232, 233, 235, 239, 240, 241, 242, 243, 244, 245, 246, 247, 248, 249, 250, 251, 252, 253, 254, 255, 256, 257, 258, 259, 260, 261, 262, 263, 264, 265, 266, 267, 268, 269, 270, 271, 272, 273, 274, 275, 276, 277, 278, 279, 280, 281, 282, 283, 284, 285, 286, 287, 288, 289, 290, 291, 292, 293, 294, 295, 296, 297, 299, 300, 303, 305, 307, 308, 311, 313, 315, 321, 329, 332, 337, 339, 340, 343, 345, 346, 348, 351, 352, 354], "a": [38.52256810649849, 96.57614072935628, 623.2506793084443, 112.62921018490236, 704.0903867870162, 95.94630702449219, 655.9417688673212, 84.23294399430986, 732.8259126525766, 399.4383057831758, 381.8794820986716, 347.2832280289582, 350.9475123056778, 384.6809300582238, 385.5689661695224, 356.18345033653816, 364.9648110295641, 146.6776093286647, 163.93545701658965, 148.34821735378068, 153.19454214376532, 154.69323145416536, 164.59683643610515, 142.33389119943152, 186.17704108844688, 86.93782375659447, 56.88639388842589, 64.13143529239302, 64.40105727339123, 63.95340446882177, 61.09662728831281, 60.14075206583306, 76.8777451271887, 84.0913060617748, 233.62125251876668, 55.613773615880085, 222.17603881798962, 62.67585386917892, 223.07514698128605, 54.93836646340556, 217.93664289112388, 265.6435564313347, 270.0975734579761, 359.13897728042986, 368.7475113629606, 339.83892541801794, 342.8227787161241, 352.78823514492933, 344.94811568949103, 240.2324560347029, 95.28635151489435, 246.39805367781912, 100.95464793884904, 257.6477034715719, 126.16438470533691, 255.33906293612745, 101.4362577782574, 33.40847442530692, 27.47720736424902, 0.0028068758707720885, 0.0016685125039204766, 0.0023807767393554335, 0.001648968959107126, 0.18637508292093405, 0.12965943886238795, 0.14830690545453776, 0.1281172818907274, 8.414628537341441, 9.187004643457847, 6.828270005977434, 9.142701594489084, 186.27969963574512, 186.94373377553407, 35.33311818294739, 33.90466611518053, 8.003363387659457, 5.970075614107287, 6.979293565441685, 5.8028463159583445, 0.03819312254217413, 0.0002270607312628691, 0.06162361865232834, 0.034226992027975404, 0.00021181663273390453, 0.06038443262154169, 37.6686583541335, 92.44918923438794, 630.6811108308891, 106.44436420216421, 715.78283055732, 93.64705217830128, 657.4430839402421, 84.45102725991516, 736.4788489705227, 400.3511354954704, 381.40792737082177, 352.4048181549249, 350.52209198537696, 392.3090258329583, 380.43092739565844, 367.09167667553356, 370.0372395237809, 150.51373395738824, 159.72361666998987, 147.32585433609367, 154.99817742562578, 151.78218187272668, 158.3820734320373, 143.64420367226336, 186.68998025522103, 85.49807659661668, 53.89295586871784, 59.357731156098595, 63.434928671124645, 63.3896138596694, 56.22191018668763, 55.027449565342515, 74.95412085266626, 85.31475908969558, 232.9758885193483, 53.00784958313103, 220.6137165699619, 60.44899906728922, 222.75980707233842, 52.66939395045132, 220.67521368356054, 273.8063496935844, 272.4031953292066, 353.0332900324134, 369.6945164239842, 338.9780040607407, 348.7200873955371, 355.6044056558604, 341.80871162548726, 236.8916605009614, 94.673701923425, 239.0667139107327, 96.54238632497064, 250.55721865567617, 117.59265737730465, 243.62848862918744, 98.36902193146986, 32.16243183066538, 26.452374463706345, 0.002469852224703217, 0.001478186393552392, 0.002108295292455301, 0.0014698563796134519, 0.16933426710659596, 0.11948522166701792, 0.13622662279398828, 0.11836516597582336, 8.256046953873742, 9.068539023388928, 9.039578046277624, 171.13059978902118, 173.90790313578694, 34.18329644091218, 33.352770870267946, 7.925019825788842, 5.910598826492154, 6.7841047071146106, 5.739750575130431, 0.03664612727756213, 0.0002230827416252747, 0.05504036148593372, 0.03328928735389189, 0.0002086454153775392, 0.05436561296799678, 93.76687013695974, 644.2244149499821, 108.52385233487834, 708.8270403488373, 96.1226110677444, 657.2830642556385, 88.63174144395254, 749.7335954809714, 399.28964805709586, 388.7516370089986, 357.05721502407766, 361.8784027686279, 396.33853152808314, 385.95953311272956, 368.4485285121203, 378.4647054154747, 154.33859855045458, 157.03103257330628, 152.12212528261924, 149.77111355964755, 155.67655459839182, 155.51920189291218, 146.67880942082527, 186.99954178147672, 84.59413283918008, 52.389278059416924, 57.38353017515489, 62.57253505420904, 62.77238272566532, 53.69503421765239, 53.79761087045622, 73.94264740269512, 89.38874394188865, 228.33267712619445, 54.28215569002248, 218.2927662435323, 60.967828723194195, 219.67769502174912, 53.79223953728877, 212.4852396443605, 291.88162903510835, 293.32576780105734, 360.3155384145579, 373.47371636580607, 345.97912235943267, 351.72094284152945, 366.6215295517672, 344.58651073209717, 245.235896359751, 99.17132896929688, 246.91765273589368, 97.17827486923117, 254.52171719519046, 120.04761302796352, 251.20668088886285, 100.07021342238927, 32.41764961579325, 25.87051241316356, 0.0024146719987062654, 0.0014516783406283745, 0.0020467383611907975, 0.0014414165554722605, 0.16814448470562837, 0.11910248882000045, 0.13505587700251037, 0.11804458717639639, 8.373476219947769, 9.233650251825887, 176.36293549503856, 34.416718392077, 33.90130589378337, 7.984628808407574, 5.890135408607915, 6.782965209925282, 5.728084107493054, 0.035300676381591206, 0.00021883856206725736, 0.05499036226167943, 0.032935286433542536, 0.0002091847249096878, 0.05425117265398362],