{"s_clean": [0, 1, 2, 3, 4, 5, 6, 7, 8, 9, 10, 11, 12, 13, 14, 15, 16, 17, 18, 19, 20, 21, 22, 23, 24, 25, 26, 27, 28, 29, 30, 31, 32, 33, 34, 35, 36, 37, 38, 39, 40, 41, 42, 43, 44, 45, 46, 47, 48, 49, 50, 51, 52, 53, 54, 55, 56, 57, 58, 59, 61, 62, 65, 67, 69, 70, 73, 75, 77, 78, 81, 83, 91, 94, 99, 101, 102, 105, 107, 110, 113, 116], "a": [58.26569946898001, 188.65829865411823, 1132.0014161304007, 54.22710000246995, 1221.0709720863558, 201.20648545433392, 1259.5757762222995, 57.62792654778885, 1109.3030209326841, 296.68262331889946, 301.1846941617888, 235.39389972352404, 281.89722257813884, 351.4643242816297, 346.31139720412455, 257.38267091482356, 258.92795039584735, 119.33868632019743, 188.92044364686348, 96.85579255601854, 167.1111278400113, 125.9502729013888, 280.8528195740104, 114.37996765078275, 204.28744238160644, 70.83213225960517, 53.26527874064563, 45.874589213247795, 47.02665367162342, 65.29889489461652, 87.11196120415936, 70.55296316862213, 62.608413185038216, 53.24301704042977, 157.00883731356774, 30.509628803399398, 118.24278617708504, 38.20778413501399, 177.4492937496712, 69.31324513821868, 145.29856444842954, 237.50428952375492, 255.90990216260093, 274.7685825350064, 235.3451112290172, 216.15156253336036, 276.72240014489927, 318.13358551001505, 291.81058269287456, 399.542987123575, 61.124108192448205, 369.515071504926, 251.5278872409152, 285.6400152551508, 55.858740337497295, 355.35344053556116, 279.0500651752848, 26.763805886665136, 29.63626836934932, 0.016964841331105422, 0.015700269489504648, 0.051287053573386227, 0.01515191050096938, 0.46323550094274973, 0.4469746165834061, 0.8065559378691379, 0.44845631530626756, 9.244386470862558, 12.675693837079567, 10.154748149597273, 11.998164781553978, 192.4235977982858, 42.70909334566255, 43.73779780219824, 30.073222847766825, 25.373729887962224, 66.41847888617798, 26.00995724728359, 0.09253671562943215, 0.5199523075001783, 0.10198209847280834, 0.5669688119465691], "b": [-1.6131064641512955, -2.189354303766569, -0.8947398888481864, -1.0521699251345362, -0.8751746817931993, -2.0734643023092647, -0.8544485507646389, -1.1020379548867623, -0.9080191692882962, -1.921898601056607, -1.8882547550208444, -1.9126073625946327, -2.059337712353251, -1.84118406989382, -1.7398742947545505, -1.8829201887618485, -2.014333084621015, -3.1041248002301782, -1.789496058487114, -3.0498926253163208, -1.7149260769330819, -2.769762168324972, -1.8161974568438453, -2.7641892003217237, -1.8629053317223043, -1.6463039924555418, -1.6940523119439412, -1.683528696152368, -1.6485585005336283, -1.5250212654216408, -1.7720906197513604, -1.628065646872192, -1.6986469849824837, -1.691765875709255, -2.4362493506437737, -1.2509502910410741, -2.3480516460984378, -1.4199769105004414, -2.218460001882651, -1.8669696151186543, -2.157000793220811, -2.718699677631148, -3.1204539655497348, -2.8388004536654177, -2.575375383271287, -2.9356696402070015, -3.0847199751085457, -2.7230652191261497, -2.5115072326356818, -1.9962982153440578, -0.7751606060104583, -2.151129938195558, -1.4822154701230283, -1.7465076887616913, -0.7245078723380728, -1.8870680854720812, -1.4569948892768214, -1.8201875640442335, -2.4369789160526043, -0.6078001037187527, -0.9616290841592489, -1.4605845448846513, -0.8161623239855242, -1.9314642973423644, -2.519548987486196, -3.0674133251725513, -2.355565749403463, -2.4390473674068343, -2.5401894322777236, -2.8298928679451345, -2.5423808750096417, -0.4765302270618206, -1.8754296807259836, -1.9697961458802236, -29.366628964773064, -24.322984918592724, -65.10420589474593, -25.06554187415212, -1.6052964062830604, -0.16489582564606303, -1.5478201164894134, -0.1525282887383526], "s_sfs": [16, 8, 20, 65, 14, 21, 45, 2, 76, 29, 55, 24, 3, 81, 42, 69, 61, 51, 34, 18, 6, 52, 4, 80, 41, 19, 53, 72, 70, 27, 73, 30, 50, 43, 40, 32, 38, 17, 67, 79, 28, 25, 9, 56, 78, 49, 23, 48, 12, 60]}