{
  "classifier1": {
    "strategy01": {
      "Nearest Neighbors 1": 86.34920634920636,
      "Nearest Neighbors 3": 87.3015873015873,
      "Nearest Neighbors 5": 87.93650793650794,
      "Linear SVM": 93.17460317460318,
      "RBF SVM": 33.80952380952381,
      "Neural Net": 94.76190476190476
    },
    "strategy02": {
      "Nearest Neighbors 1": 81.42857142857143,
      "Nearest Neighbors 3": 80.87301587301587,
      "Nearest Neighbors 5": 81.19047619047619,
      "Linear SVM": 91.26984126984127,
      "RBF SVM": 54.047619047619044,
      "Neural Net": 92.93650793650794
    },
    "strategy03": {
      "Nearest Neighbors 1": 86.11111111111111,
      "Nearest Neighbors 3": 87.06349206349206,
      "Nearest Neighbors 5": 87.85714285714286,
      "Linear SVM": 91.98412698412697,
      "RBF SVM": 34.84126984126984,
      "Neural Net": 93.33333333333333
    },
    "strategy04": {
      "Nearest Neighbors 1": 86.74603174603175,
      "Nearest Neighbors 3": 88.33333333333333,
      "Nearest Neighbors 5": 90.0,
      "Linear SVM": 92.38095238095238,
      "RBF SVM": 34.36507936507937,
      "Neural Net": 93.80952380952381
    },
    "strategy05": {
      "Nearest Neighbors 1": 81.42857142857143,
      "Nearest Neighbors 3": 80.87301587301587,
      "Nearest Neighbors 5": 81.19047619047619,
      "Linear SVM": 91.26984126984127,
      "RBF SVM": 54.047619047619044,
      "Neural Net": 92.93650793650794
    }
  },
  "classifier2": {
    "strategy01": {
      "Nearest Neighbors 1": 92.06349206349206,
      "Nearest Neighbors 3": 92.06349206349206,
      "Nearest Neighbors 5": 93.65079365079364,
      "Linear SVM": 96.03174603174604,
      "RBF SVM": 34.12698412698413,
      "Neural Net": 97.61904761904762
    },
    "strategy02": {
      "Nearest Neighbors 1": 87.3015873015873,
      "Nearest Neighbors 3": 86.5079365079365,
      "Nearest Neighbors 5": 86.5079365079365,
      "Linear SVM": 91.26984126984127,
      "RBF SVM": 58.73015873015873,
      "Neural Net": 93.65079365079364
    },
    "strategy03": {
      "Nearest Neighbors 1": 89.68253968253968,
      "Nearest Neighbors 3": 93.65079365079364,
      "Nearest Neighbors 5": 90.47619047619048,
      "Linear SVM": 92.85714285714286,
      "RBF SVM": 34.12698412698413,
      "Neural Net": 96.03174603174604
    },
    "strategy04": {
      "Nearest Neighbors 1": 93.65079365079364,
      "Nearest Neighbors 3": 94.44444444444444,
      "Nearest Neighbors 5": 96.82539682539682,
      "Linear SVM": 96.82539682539682,
      "RBF SVM": 34.12698412698413,
      "Neural Net": 96.82539682539682
    },
    "strategy05": {
      "Nearest Neighbors 1": 87.3015873015873,
      "Nearest Neighbors 3": 86.5079365079365,
      "Nearest Neighbors 5": 86.5079365079365,
      "Linear SVM": 91.26984126984127,
      "RBF SVM": 58.73015873015873,
      "Neural Net": 93.65079365079364
    }
  }
}